propertyId;propertyType;district;coords
12656;Hotel; Poblados marítimos, Valencia;-0.323789566755295,39.4650841913551
13270;Hotel; Ciutat Vella, Valencia;-0.376952290534973,39.4710278753057
14441;Hotel; Campanar, Valencia;-0.388724505901337,39.4802276264005
14580;Hotel; Poblados marítimos, Valencia;-0.323579013347626,39.4637061283809
17344;Apartahotel; Benicalap, Valencia;-0.400978177785873,39.4935991016437
17468;Apartamentos; Ciutat Vella, Valencia;-0.375876724720001,39.47885710935
18544;Apartamentos; Extramurs, Valencia;-0.385724455118179,39.4721035025734
23332;Hotel; Poblados marítimos, Valencia;-0.323690325021744,39.4642807560034
24498;Hotel; Poblados marítimos, Valencia;-0.323730558156967,39.4647808334785
25278;Albergue; Ciutat Vella, Valencia;-0.369946360588074,39.4746625797156
90443;Hotel; Ciutat Vella, Valencia;-0.37554144859314,39.47305074477
90484;Hotel; Benicalap, Valencia;-0.398129671812057,39.4915644103027
90495;Hotel; Camins al Grau, Valencia;-0.347753763198853,39.4637309772411
90578;Hotel; Ciutat Vella, Valencia;-0.375754684209824,39.4714140263729
90719;Hotel; Ciutat Vella, Valencia;-0.372126996517181,39.4770693928241
90725;Hotel; Quatre Carreres, Valencia;-0.357551872730255,39.455673269361
90727;Hotel; Campanar, Valencia;-0.387002527713776,39.4806302882865
90729;Hotel; Camins al Grau, Valencia;-0.343310683965683,39.463001038275
90730;Hotel; Camins al Grau, Valencia;-0.355198234319687,39.4665481592417
90731;Hotel; Quatre Carreres, Valencia;-0.357581377029419,39.455673269361
90792;Hotel; Eixample, Valencia;-0.376139581203461,39.4626821405508
90885;Hotel; Ciutat Vella, Valencia;-0.37528395652771,39.4703342473632
90886;Hotel; Eixample, Valencia;-0.365028530359268,39.4684106877284
90896;Hotel; Ciutat Vella, Valencia;-0.375721156597137,39.4682740280778
91047;Hotel; Extramurs, Valencia;-0.381288081407547,39.4679313424706
91063;Hotel; Camins al Grau, Valencia;-0.343730449676514,39.4588128007715
91106;Hotel; Campanar, Valencia;-0.393442511558533,39.4807938366645
91144;Hotel; Poblados marítimos, Valencia;-0.324724316596985,39.4664394498137
91182;Hotel; Valencia;-0.355652868747711,39.4684872998393
91183;Hotel; Ciutat Vella, Valencia;-0.374841392040253,39.4683206166252
91206;Hotel; Poblados marítimos, Valencia;-0.323499888181686,39.4631677342312
91223;Hotel; Campanar, Valencia;-0.391283333301544,39.4799491776147
91285;Hotel; Camins al Grau, Valencia;-0.349481105804443,39.459939352719
91497;Hotel; El Pla del Real, Valencia;-0.360142886638641,39.4675203245768
91520;Hotel; Camins al Grau, Valencia;-0.356647968292236,39.4634214012245
91522;Hotel; Camins al Grau, Valencia;-0.347997844219208,39.4582433052569
91988;Hotel; Camins al Grau, Valencia;-0.352583080530167,39.4607003862247
92242;Hotel; Quatre Carreres, Valencia;-0.36796823143959,39.4455009192576
92283;Albergue; Ciutat Vella, Valencia;-0.37261113524437,39.4731232108551
92327;Hotel; Extramurs, Valencia;-0.377895087003708,39.4671279399899
92328;Hotel; Poblados marítimos, Valencia;-0.333398580551147,39.4608194587415
92412;Hotel; Ciutat Vella, Valencia;-0.379478931427002,39.4696696003696
92776;Hotel; Camins al Grau, Valencia;-0.345899015665054,39.4559290346383
92777;Hotel; Camins al Grau, Valencia;-0.345901697874069,39.4559259281831
92818;Hotel; Benicalap, Valencia;-0.39826512336731,39.4917714009523
92852;Hotel; Valencia;-0.423440337181091,39.5039682717133
92883;Hotel; Ciutat Vella, Valencia;-0.376956313848495,39.4708394576531
92956;Hotel; Ciutat Vella, Valencia;-0.374445766210556,39.4728830372551
93321;Hotel; El Pla del Real, Valencia;-0.361496061086655,39.4733561370459
93369;Hotel; Extramurs, Valencia;-0.386800020933151,39.4747588538388
93646;Hotel; Valencia;-0.401709079742432,39.495335683265
93676;Apartamento; Quatre Carreres, Valencia;-0.358159393072128,39.4554061127238
93743;Hotel; Camins al Grau, Valencia;-0.346954464912415,39.4643563373016
93823;Hotel; Eixample, Valencia;-0.366586893796921,39.4710330516077
93856;Hotel; Ciutat Vella, Valencia;-0.374559760093689,39.4697772694724
94126;Hostal o pensión; Quatre Carreres, Valencia;-0.358160734176636,39.4554071482166
94163;Hotel; Ciutat Vella, Valencia;-0.371268689632416,39.4728540507301
94652;Hotel; Valencia;-0.425091236829758,39.5006186401055
94781;Apartamento; Ciutat Vella, Valencia;-0.380166918039322,39.4782587935898
96737;Hotel; Quatre Carreres, Valencia;-0.358284115791321,39.4511563204462
96838;Hotel; Quatre Carreres, Valencia;-0.363136231899261,39.4561164571802
97063;Apartamento; Campanar, Valencia;-0.39825439453125,39.4766284087823
97069;Hotel; Ciutat Vella, Valencia;-0.377393513917923,39.4800806387045
173107;Apartamentos; Ciutat Vella, Valencia;-0.378717184066772,39.4755652737887
189207;Bed & breakfast; Eixample, Valencia;-0.37065178155899,39.465205327066
189277;Apartamento; Ciutat Vella, Valencia;-0.382179915904999,39.4756926024
189322;Albergue; Ciutat Vella, Valencia;-0.37809357047081,39.474450362092
189343;Apartamentos; Poblados marítimos, Valencia;-0.333708375692368,39.4617565005687
189782;Apartamentos; Playa de la Malvarrosa, Valencia;-0.326210260391235,39.4942676596561
235665;Hostal o pensión; Ciutat Vella, Valencia;-0.380751639604568,39.473327150718
237104;Apartamentos; Ciutat Vella, Valencia;-0.382379740476608,39.4714368019721
246931;Albergue; Ciutat Vella, Valencia;-0.37616103887558,39.4776439100935
247451;Residencia de estudiantes; Algirós, Valencia;-0.343263745307922,39.4746346291388
249585;Hostal o pensión; El Pla del Real, Valencia;-0.354809314012527,39.470917102352
257057;Hostal o pensión; Extramurs, Valencia;-0.388147830963135,39.4664146019205
273130;Hotel; Ciutat Vella, Valencia;-0.378859341144562,39.4700071010383
274818;Hotel; El Pla del Real, Valencia;-0.355263948440552,39.4780807470759
274963;Hotel; Eixample, Valencia;-0.375477075576782,39.4574480746338
281139;Hostal o pensión; Quatre Carreres, Valencia;-0.372306704521179,39.4563629015225
281640;Apartamento; Extramurs, Valencia;-0.387736782431602,39.469926970666
290493;Hotel; Benicalap, Valencia;-0.401277244091034,39.494700252591
291755;Hostal o pensión; Valencia;-0.362346321344376,39.4623911968718
292996;Apartamento; Playa de la Malvarrosa, Valencia;-0.325732827186584,39.4916265075623
295109;Hostal o pensión; Poblados marítimos, Valencia;-0.333830416202545,39.4600801704305
296743;Hostal o pensión; Ciutat Vella, Valencia;-0.375660806894302,39.468284381091
298710;Hostal o pensión; Ciutat Vella, Valencia;-0.375876724720001,39.4686260296634
304276;Hostal o pensión; Ciutat Vella, Valencia;-0.37527322769165,39.4704802203853
305349;Bed & breakfast; Eixample, Valencia;-0.366317331790924,39.4694076738758
305447;Hotel; Eixample, Valencia;-0.361691862344742,39.464117168803
307677;Apartamento; Ciutat Vella, Valencia;-0.377732813358307,39.4745424956764
309465;Hostal o pensión; Ciutat Vella, Valencia;-0.376928150653839,39.4733074814172
312207;Apartamento; Ciutat Vella, Valencia;-0.381250530481339,39.4784979134816
314048;Hostal o pensión; Poblados marítimos, Valencia;-0.323698371648788,39.4645240653687
324918;Apartamento; Quatre Carreres, Valencia;-0.360569357872009,39.4531714833354
326015;Hostal o pensión; Ciutat Vella, Valencia;-0.375687628984451,39.4707970118478
327766;Hostal o pensión; Ciutat Vella, Valencia;-0.379728376865387,39.4750073025733
331871;Hotel; Camins al Grau, Valencia;-0.345542281866074,39.4577949536919
332095;Apartamento; Ciutat Vella, Valencia;-0.375773459672928,39.4725383038715
337092;Apartamento; Ciutat Vella, Valencia;-0.37772074341774,39.4713653693859
337203;Hostal o pensión; Ciutat Vella, Valencia;-0.378882139921188,39.4755870128364
343355;Apartamentos; Ciutat Vella, Valencia;-0.377724766731262,39.4713415585076
345134;Albergue; Eixample, Valencia;-0.371834635734558,39.4625837789449
348132;Hotel; Ciutat Vella, Valencia;-0.372019708156586,39.4759317311132
348555;Apartamento; Quatre Carreres, Valencia;-0.360757112503052,39.4540226805588
355328;Apartamentos; Extramurs, Valencia;-0.385306030511856,39.4771760153065
364825;Apartamentos; Ciutat Vella, Valencia;-0.37210687994957,39.4768064590136
364834;Hostal o pensión; Ciutat Vella, Valencia;-0.373061746358871,39.4716573107973
369695;Bed & breakfast; Ciutat Vella, Valencia;-0.372325479984283,39.4760849386879
369728;Hostal o pensión; Ciutat Vella, Valencia;-0.375542789697647,39.4720186124791
371192;Hostal o pensión; Ciutat Vella, Valencia;-0.37641316652298,39.4747164104246
371275;Apartamentos; Poblados marítimos, Valencia;-0.327779352664948,39.4740983899718
371606;Hostal o pensión; Ciutat Vella, Valencia;-0.380229949951172,39.4752795599592
375456;Apartamentos; Ciutat Vella, Valencia;-0.376599580049515,39.4779192626342
387770;Apartamentos; Extramurs, Valencia;-0.385103523731232,39.4682595338567
387852;Apartamentos; Ciutat Vella, Valencia;-0.377641439440595,39.4712355482435
389902;Apartamento; Ciutat Vella, Valencia;-0.380606800317764,39.4771573822632
390827;Apartamentos; Ciutat Vella, Valencia;-0.373402386903763,39.4703508116932
402080;Apartamento; Campanar, Valencia;-0.392664670944214,39.4803052606216
403555;Apartamentos; Ciutat Vella, Valencia;-0.377620831131935,39.4758520216335
403586;Hotel; Poblados marítimos, Valencia;-0.323658138513565,39.4642424476428
408163;Apartamento; Ciutat Vella, Valencia;-0.382055193185806,39.4752640320001
408511;Hotel; Ciutat Vella, Valencia;-0.374381393194199,39.4688651826659
427198;Apartamento; Ciutat Vella, Valencia;-0.371609330177307,39.4739161919395
432305;Hostal o pensión; Quatre Carreres, Valencia;-0.374087691307068,39.4557478245186
435662;Apartamento; Ciutat Vella, Valencia;-0.379568785429001,39.4746698261596
440757;Apartamentos; Ciutat Vella, Valencia;-0.379857122898102,39.4749286272367
440778;Apartamento; Ciutat Vella, Valencia;-0.373087227344513,39.4732888473376
449777;Hostal o pensión; Rascanya, Valencia;-0.380374789237976,39.4917941698862
450746;Hostal o pensión; Valencia;-0.426184237003326,39.5000743226561
456043;Apartamentos; Ciutat Vella, Valencia;-0.381689071655273,39.4744493268824
464187;Bed & breakfast; Eixample, Valencia;-0.366617739200592,39.4713943565312
471283;Apartamento; Ciutat Vella, Valencia;-0.381170064210892,39.4747795579339
473415;Apartamentos; Extramurs, Valencia;-0.38232609629631,39.4689625001027
476031;Hostal o pensión; Ciutat Vella, Valencia;-0.380396246910095,39.4749969505604
476418;Albergue; Valencia;-0.38384422659874,39.4731749722983
483261;Hotel; Quatre Carreres, Valencia;-0.371004492044449,39.4507089588001
485679;Apartamento; Ciutat Vella, Valencia;-0.376433283090591,39.4748054380441
486507;Apartamentos; Extramurs, Valencia;-0.382310003042221,39.4689656059761
493883;Apartamentos; Ciutat Vella, Valencia;-0.374054163694382,39.4771594526016
493941;Apartamentos; Ciutat Vella, Valencia;-0.372080057859421,39.4709202081382
494202;Albergue; Ciutat Vella, Valencia;-0.370749682188034,39.4761263460827
538056;Hotel; Camins al Grau, Valencia;-0.355919748544693,39.4670264787077
570027;Hostal o pensión; Ciutat Vella, Valencia;-0.374675095081329,39.4706562158203
572187;Hotel; Ciutat Vella, Valencia;-0.377622842788696,39.4690815584838
575582;Apartamentos; Ciutat Vella, Valencia;-0.376893281936646,39.4741729253929
585429;Hostal o pensión; Ciutat Vella, Valencia;-0.370582267587451,39.4747940507968
621683;Apartamentos; Ciutat Vella, Valencia;-0.372053906321526,39.4728970128968
636256;Bed & breakfast; Ciutat Vella, Valencia;-0.372515916824341,39.4704149984345
675839;Hostal o pensión; Ciutat Vella, Valencia;-0.381587147712708,39.478216352311
754329;Hotel; Benicalap, Valencia;-0.397921800613403,39.4915354315626
783206;Apartamento; Ciutat Vella, Valencia;-0.377070307731628,39.4740093614475
818359;Hostal o pensión; Eixample, Valencia;-0.363889932632446,39.4654910822668
824674;Apartamento; Extramurs, Valencia;-0.379176825372269,39.4664942532078
847910;Apartamento; Ciutat Vella, Valencia;-0.378049604605621,39.4723949232675
850157;Apartamento; Eixample, Valencia;-0.374102264686371,39.4637413309302
861452;Apartamentos; Eixample, Valencia;-0.373325943946838,39.46737538066
865461;Apartamento; Eixample, Valencia;-0.376013517379761,39.4624988772364
881275;Apartamento; Ciutat Vella, Valencia;-0.380144119262695,39.4758106140755
886289;Apartamento; Ciutat Vella, Valencia;-0.382125288160751,39.4757464323119
1001766;Apartamento; Playa de la Malvarrosa, Valencia;-0.325645177909792,39.4912211920137
1014334;Apartamento; Ciutat Vella, Valencia;-0.37658250000004,39.4719502
1033085;Apartamentos; Ciutat Vella, Valencia;-0.379870500000038,39.4726232
1042326;Apartamento; Extramurs, Valencia;-0.378367107934537,39.4674914125751
1044426;Apartamentos; Extramurs, Valencia;-0.389425327682147,39.4700712616987
1069530;Apartamentos; La Saïdia, Valencia;-0.370933000000036,39.479858
1073276;Apartamentos; Ciutat Vella, Valencia;-0.380847000000017,39.4762984
1079935;Apartamento; Extramurs, Valencia;-0.38533553481102,39.4662351662206
1099602;Apartamentos; Ciutat Vella, Valencia;-0.375798890772671,39.4786593020917
1100150;Apartamentos; Quatre Carreres, Valencia;-0.35553880859834,39.4554230357704
1106307;Hotel; Ciutat Vella, Valencia;-0.36809116627046,39.4739624278856
1113127;Apartamentos; Ciutat Vella, Valencia;-0.376627999999982,39.4758728
1117150;Hotel; Eixample, Valencia;-0.374372470232629,39.4673117440328
1119829;Apartamento; Ciutat Vella, Valencia;-0.378042599999958,39.4723903
1121681;Apartamento; Ciutat Vella, Valencia;-0.379197299480438,39.4724852307197
1141763;Apartamento; Ciutat Vella, Valencia;-0.380382835865021,39.4780414111567
1148669;Apartamento; La Saïdia, Valencia;-0.386267641139284,39.4888814991269
1163025;Albergue; Poblados marítimos, Valencia;-0.337768500000038,39.461263
1173270;Hotel; Ciutat Vella, Valencia;-0.376230699999951,39.4775181
1177077;Hostal o pensión; Extramurs, Valencia;-0.386657897483815,39.4667863870457
1223953;Hostal o pensión; Ciutat Vella, Valencia;-0.375972999999931,39.4719914
1239711;Apartamento; Eixample, Valencia;-0.376926169940589,39.4641685744946
1266649;Apartamentos; Extramurs, Valencia;-0.378421000000003,39.467754
1273377;Apartamentos; Ciutat Vella, Valencia;-0.375977176686547,39.4778592680194
1273937;Hostal o pensión; Ciutat Vella, Valencia;-0.377248423017932,39.4746366467368
1277215;Apartamento; Ciutat Vella, Valencia;-0.379617363229386,39.4793928353229
1279484;Hotel; Ciutat Vella, Valencia;-0.378975500000024,39.4721912
1281710;Hotel; Poblados marítimos, Valencia;-0.323607906745906,39.4639382414638
1282556;Bed & breakfast; Ciutat Vella, Valencia;-0.374746504299196,39.4736541144273
1283519;Apartamento; Ciutat Vella, Valencia;-0.376718080985711,39.4727642486717
1289561;Apartamento; Ciutat Vella, Valencia;-0.379054900000028,39.4693867
1297339;Casa o chalet; El Pla del Real, Valencia;-0.365180160118825,39.4805158190466
1301545;Apartamento; Ciutat Vella, Valencia;-0.378042901852382,39.4780631562667
1301725;Bed & breakfast; Ciutat Vella, Valencia;-0.370647426983624,39.4728657181359
1301731;Hotel; Benimaclet, Valencia;-0.363192558288574,39.4852426190732
1307718;Hotel; Ciutat Vella, Valencia;-0.374922234358564,39.4780386945318
1327120;Apartamentos; Ciutat Vella, Valencia;-0.381019287709478,39.4800004831135
1331238;Bed & breakfast; Extramurs, Valencia;-0.379553557672125,39.4648058565972
1346656;Apartamentos; Ciutat Vella, Valencia;-0.381188050724631,39.47892312696
1367507;Apartamento; Ciutat Vella, Valencia;-0.378119051456451,39.4731493503887
1381946;Apartamento; Ciutat Vella, Valencia;-0.373786190807323,39.4733344045252
1394168;Hotel; Eixample, Valencia;-0.3716005,39.4692545
1423172;Apartamentos; Ciutat Vella, Valencia;-0.376258448762201,39.4733544101502
1423284;Apartamento; Ciutat Vella, Valencia;-0.380143277625166,39.480702693097
1450279;Bed & breakfast; Ciutat Vella, Valencia;-0.37583232463794,39.4679870657674
1467935;Hostal o pensión; Valencia;-0.420914048934947,39.5032409926963
1528645;Apartamento; Ciutat Vella, Valencia;-0.380860699999971,39.4732795
1533033;Apartamento; Quatre Carreres, Valencia;-0.3614911355819,39.4622319493954
1538641;Apartahotel; Eixample, Valencia;-0.376146715344248,39.4640473658305
1545765;Apartamento; Campanar, Valencia;-0.386426896595708,39.4838640476348
1549399;Apartamentos; Poblados marítimos, Valencia;-0.333888763194636,39.4599512291496
1554388;Apartamento; Ciutat Vella, Valencia;-0.379576055225357,39.4704718008731
1558265;Apartamentos; Camins al Grau, Valencia;-0.354158876718316,39.4664237437353
1605997;Apartamento; Ciutat Vella, Valencia;-0.373188400000004,39.4702799519633
1619029;Apartahotel; Ciutat Vella, Valencia;-0.377647041954788,39.4734254634635
1634220;Apartamento; Poblados marítimos, Valencia;-0.326371,39.476022
1634221;Apartamentos; Ciutat Vella, Valencia;-0.380376130342483,39.4761594719806
1634232;Apartamento; Poblados marítimos, Valencia;-0.327937602996826,39.4798808591548
1634234;Apartamento; Ciutat Vella, Valencia;-0.379936248064041,39.4775600619228
1634236;Apartamento; Eixample, Valencia;-0.375890135765075,39.4649382070129
1634237;Apartamento; Extramurs, Valencia;-0.384119153022766,39.4732412268892
1634238;Apartamento; Poblados marítimos, Valencia;-0.332867503166198,39.4607904671909
1634240;Apartamento; Ciutat Vella, Valencia;-0.377236604690551,39.4765766499086
1634241;Apartamento; Ciutat Vella, Valencia;-0.38013070821762,39.4694832496056
1634242;Apartamento; Ciutat Vella, Valencia;-0.380259454250335,39.480497793116
1634243;Apartamento; Eixample, Valencia;-0.370675921440124,39.4637413309302
1634248;Apartamento; Eixample, Valencia;-0.365546196699142,39.4671113748927
1634252;Apartamento; Ciutat Vella, Valencia;-0.383054316043853,39.4765683684852
1634254;Apartamento; Ciutat Vella, Valencia;-0.374956727027893,39.4710692857104
1635721;Apartamentos; Extramurs, Valencia;-0.385939706745944,39.47497092154
1638172;Apartamentos; Poblados marítimos, Valencia;-0.33582916207672,39.4634655650228
1638498;Apartamento; Ciutat Vella, Valencia;-0.378308119561211,39.4791091587916
1643960;Albergue; Extramurs, Valencia;-0.385952636260754,39.4749721346006
1647017;Albergue; Extramurs, Valencia;-0.37821261749275,39.4665275925928
1648016;Apartamentos; Ciutat Vella, Valencia;-0.37752879629511,39.4713587782632
1656378;Apartamentos; Ciutat Vella, Valencia;-0.381953588360602,39.4752485526794
1663785;Hostal o pensión; Ciutat Vella, Valencia;-0.375838619402771,39.4728377432168
1674495;Apartamento; Quatre Carreres, Valencia;-0.372143089771271,39.4571204531375
1682520;Apartamento; Ciutat Vella, Valencia;-0.375759050266652,39.4734727117388
1684198;Hostal o pensión; Ciutat Vella, Valencia;-0.375862783797288,39.4747361346407
1687820;Apartamentos; Ciutat Vella, Valencia;-0.37478213005943,39.4735016591057
1698355;Apartamento; Ciutat Vella, Valencia;-0.375631493991364,39.4706425660057
1698817;Apartamento; El Pla del Real, Valencia;-0.358800763233603,39.4678387572362
1702092;Apartamento; Ciutat Vella, Valencia;-0.379786896477754,39.4799772066882
1710137;Albergue; Extramurs, Valencia;-0.377515461535609,39.4665674009309
1710241;Hotel; Ciutat Vella, Valencia;-0.37655632942915,39.471297560124
1712323;Apartamento; Ciutat Vella, Valencia;-0.379521989397858,39.4717045401499
1728697;Apartamento; Poblados marítimos, Valencia;-0.337797424536916,39.459433202501
1736257;Apartahotel; Ciutat Vella, Valencia;-0.374787153372949,39.4748045479585
1737254;Apartamento; Ciutat Vella, Valencia;-0.378053065390532,39.4791473328754
1741479;Hotel; Ciutat Vella, Valencia;-0.376085900000021,39.4738758
1743173;Apartamentos; Ciutat Vella, Valencia;-0.37902295589447,39.4715892430069
1755231;Apartamentos; Ciutat Vella, Valencia;-0.379907845829052,39.4752882387314
1760119;Apartamento; Ciutat Vella, Valencia;-0.37663630196073,39.4739532619058
1765516;Apartamento; Ciutat Vella, Valencia;-0.377476131352296,39.4708598562619
1769176;Apartamento; Ciutat Vella, Valencia;-0.380678253372935,39.4732250295446
1774062;Apartamento; Ciutat Vella, Valencia;-0.378456927035813,39.4701487206137
1793012;Apartamentos; Poblados marítimos, Valencia;-0.337319858033538,39.4599549672554
1803435;Apartamento; Ciutat Vella, Valencia;-0.378057238539213,39.4724506870794
1807919;Apartamento; Ciutat Vella, Valencia;-0.381859036608262,39.4745880881564
1811784;Apartamento; Quatre Carreres, Valencia;-0.370159609192683,39.4474748956668
1819642;Apartamento; Ciutat Vella, Valencia;-0.381811003704797,39.4730085124304
1840715;Apartamento; Ciutat Vella, Valencia;-0.375486574060687,39.478316130739
1907504;Apartamentos; Poblados marítimos, Valencia;-0.335410874857075,39.4632396671299
1908021;Apartamento; Ciutat Vella, Valencia;-0.377003595700899,39.4736074785673
1912738;Apartamento; Extramurs, Valencia;-0.391249093145689,39.474638610544
1918694;Apartamento; Ciutat Vella, Valencia;-0.378351535581942,39.4729722647685
1923141;Apartamento; Ciutat Vella, Valencia;-0.381247700000017,39.4726542
1957253;Apartamento; Extramurs, Valencia;-0.380137307917607,39.4625909987035
1957258;Apartamento; Poblados marítimos, Valencia;-0.329197783258792,39.4735354785034
1979067;Apartamento; Extramurs, Valencia;-0.379127700000026,39.4655893
1985143;Apartamento; Ciutat Vella, Valencia;-0.378556926562624,39.4783485573442
2006333;Apartamento; Eixample, Valencia;-0.376636899999994,39.4600844
2010355;Apartamento; Eixample, Valencia;-0.37213449832052,39.4621515686357
2024765;Apartamento; Extramurs, Valencia;-0.384771852911513,39.4784248685102
2029143;Apartamento; Eixample, Valencia;-0.367704979623454,39.4611945684636
2040126;Casa o chalet; Poblados marítimos, Valencia;-0.32918397976232,39.4706330299431
2062186;Apartamentos; Camins al Grau, Valencia;-0.346015296329824,39.4621083460695
2064099;Apartamentos; Ciutat Vella, Valencia;-0.378400928488873,39.471632958697
2065367;Apartamento; Camins al Grau, Valencia;-0.345763564109802,39.4608830718559
2065570;Apartamento; Poblados marítimos, Valencia;-0.331134796142578,39.4636929274203
2076095;Apartamento; Quatre Carreres, Valencia;-0.364565008945419,39.4611682022824
2079019;Apartamento; Ciutat Vella, Valencia;-0.377098861865647,39.4726168768281
2093863;Apartamento; La Saïdia, Valencia;-0.370261832471442,39.482051624054
2094497;Albergue; Camins al Grau, Valencia;-0.339560812966965,39.4631223671223
2106449;Apartamento; La Saïdia, Valencia;-0.377164318129303,39.4832091381976
2112386;Casa o chalet; Poblados marítimos, Valencia;-0.331410641872367,39.4683789830754
2118880;Hotel; Ciutat Vella, Valencia;-0.375408992558846,39.4729746890462
2125836;Apartamentos; Poblados marítimos, Valencia;-0.329623284655781,39.4667353602588
2130930;Apartamentos; Ciutat Vella, Valencia;-0.374600358895464,39.476849759305
2132386;Apartamento; Ciutat Vella, Valencia;-0.382122587415324,39.4757188350167
2142556;Apartamento; Ciutat Vella, Valencia;-0.377188533889694,39.4703743326729
2147948;Apartamento; Ciutat Vella, Valencia;-0.379624713491808,39.4792738433097
2156905;Apartamento; Poblados marítimos, Valencia;-0.326089941104556,39.4666866711781
2160386;Apartamento; Ciutat Vella, Valencia;-0.38180110890255,39.4761122356248
2174625;Apartamento; Olivereta, Valencia;-0.405419775463088,39.468951452833
2185255;Apartamento; Extramurs, Valencia;-0.385167817790943,39.4742996887298
2187491;Apartamentos; Ciutat Vella, Valencia;-0.379973254166543,39.4750058144715
2194645;Apartamentos; Algirós, Valencia;-0.345021022456535,39.4745663794361
2201908;Apartamento; Extramurs, Valencia;-0.383808913823032,39.465468402098
2203530;Bed & breakfast; Ciutat Vella, Valencia;-0.380392598112849,39.4730987316466
2204361;Bed & breakfast; Eixample, Valencia;-0.371375944485294,39.4631212615918
2205541;Apartamento; Poblados marítimos, Valencia;-0.329533852636814,39.4688653120775
2223557;Apartamento; Ciutat Vella, Valencia;-0.376620112196861,39.4790859572403
2227491;Bed & breakfast; Eixample, Valencia;-0.365984840440774,39.4693579294296
2236348;Apartamento; Ciutat Vella, Valencia;-0.372419900000068,39.4727033
2241282;Apartamento; Ciutat Vella, Valencia;-0.379937700000028,39.4752878
2244083;Apartamentos; Ciutat Vella, Valencia;-0.379998346627076,39.4778556905805
2250421;Apartamentos; Ciutat Vella, Valencia;-0.377347727793904,39.4777419490828
2250906;Apartamento; Ciutat Vella, Valencia;-0.38302079999994,39.4774788
2263360;Apartamento; Algirós, Valencia;-0.348849110305309,39.4699618077155
2263771;Apartamento; Ciutat Vella, Valencia;-0.377912798776606,39.4749527744482
2269176;Hostal o pensión; Eixample, Valencia;-0.374127924442291,39.4638782583241
2274203;Hotel; Ciutat Vella, Valencia;-0.37812560178304,39.4720668663669
2275006;Hostal o pensión; Extramurs, Valencia;-0.387899128667414,39.4748042780161
2291245;Hostal o pensión; Ciutat Vella, Valencia;-0.382152473610631,39.4789912188651
2298621;Apartamento; Camins al Grau, Valencia;-0.339547582113937,39.4637941631417
2314366;Apartamentos; Ciutat Vella, Valencia;-0.376485929361024,39.4732689601361
2314984;Apartamento; Eixample, Valencia;-0.37481630000002,39.4609174
2314997;Apartamento; Poblados marítimos, Valencia;-0.328167529430402,39.4766879592953
2317861;Apartamento; Poblados marítimos, Valencia;-0.330016266235702,39.4635136401624
2324552;Hostal o pensión; Eixample, Valencia;-0.369453907078423,39.4635921547475
2334726;Hotel; Ciutat Vella, Valencia;-0.37696436047554,39.4715802492539
2354745;Apartamentos; Camins al Grau, Valencia;-0.346646105686204,39.4627646665531
2358858;Apartamentos; Ciutat Vella, Valencia;-0.376023700000019,39.4760981
2358973;Apartamento; Eixample, Valencia;-0.373821250234187,39.4653418506277
2369040;Apartamento; Ciutat Vella, Valencia;-0.379958644180306,39.4765930858402
2373701;Apartamento; Eixample, Valencia;-0.368603329360894,39.4684237355069
2380447;Apartamento; Ciutat Vella, Valencia;-0.382287600000041,39.472605
2381901;Apartamento; Valencia;-0.413153958860789,39.4774089209087
2389776;Bed & breakfast; Ciutat Vella, Valencia;-0.371177494525909,39.4751468281466
2391685;Hotel; Ciutat Vella, Valencia;-0.372259500000041,39.477008
2426154;Apartamento; Patraix, Valencia;-0.388346314430237,39.464414188
2448036;Apartamento; Benicalap, Valencia;-0.396730899810791,39.4936022064171
2459807;Hostal o pensión; Ciutat Vella, Valencia;-0.371461473405361,39.4743430454596
2461160;Apartamento; Playa de la Malvarrosa, Valencia;-0.327217900000051,39.4889626
2466364;Casa o chalet; Valencia;-0.413376699999958,39.6494581
2467712;Apartamento; Poblados marítimos, Valencia;-0.334450006484985,39.4522977527341
2471259;Apartamento; Ciutat Vella, Valencia;-0.377673758895526,39.4749869928227
2523871;Apartamento; Poblados marítimos, Valencia;-0.32630979999999,39.470953
2523881;Apartamento; Poblados marítimos, Valencia;-0.327849885359683,39.4800588609752
2524985;Apartamento; Extramurs, Valencia;-0.39256249999994,39.4754997
2526514;Apartamento; Poblados marítimos, Valencia;-0.327299100000005,39.4776179
2532733;Apartamento; Poblados marítimos, Valencia;-0.32953729999997,39.4710761
2542826;Apartamento; Poblados marítimos, Valencia;-0.333983699999976,39.4490254
2544713;Apartamento; Ciutat Vella, Valencia;-0.371128499999941,39.4754427
2549783;Apartamento; Jesús, Valencia;-0.382807100000036,39.4561398
2550483;Apartamento; Ciutat Vella, Valencia;-0.376578699999982,39.4779253
2550955;Apartamento; Eixample, Valencia;-0.374768000000017,39.4609526
2551179;Apartamento; Eixample, Valencia;-0.376358767971397,39.4631865004435
2551194;Apartamento; Extramurs, Valencia;-0.389094315469265,39.4694257913528
2552406;Apartamento; Poblados marítimos, Valencia;-0.32728069999996,39.4813542
2556080;Apartamento; Quatre Carreres, Valencia;-0.362239700000032,39.4607476
2565246;Apartamento; Playa de la Malvarrosa, Valencia;-0.325832819049083,39.4863895173443
2567628;Apartamento; Ciutat Vella, Valencia;-0.377581605828368,39.4711966059276
2570881;Apartamentos; Eixample, Valencia;-0.372842794334474,39.4668752609955
2574108;Apartamentos; Ciutat Vella, Valencia;-0.377966300000026,39.4740281
2580538;Apartamento; Valencia;-0.384317636489868,39.4593059283507
2597106;Habitación en casa particular; El Pla del Real, Valencia;-0.363450050354004,39.4839600522934
2600295;Apartamento; Ciutat Vella, Valencia;-0.380223000000001,39.4720448
2609457;Apartamento; Poblados marítimos, Valencia;-0.32914310000001,39.4689515
2620264;Apartamento; Camins al Grau, Valencia;-0.348739,39.469077
2639791;Apartamentos; Ciutat Vella, Valencia;-0.381451947614551,39.4749401438622
2661874;Apartamentos; Poblados marítimos, Valencia;-0.334476946279892,39.4590156729237
2682156;Habitación en casa particular; Patraix, Valencia;-0.39259560406208,39.4672157478808
2683762;Apartamento; Ciutat Vella, Valencia;-0.377342699999986,39.4793913
2689136;Apartamento; Camins al Grau, Valencia;-0.34806405449217,39.4686326292926
2710394;Apartamento; Jesús, Valencia;-0.390787124633789,39.4525242765354
2734126;Apartamento; Extramurs, Valencia;-0.395122543408206,39.4741369242091
2734333;Apartamentos; La Saïdia, Valencia;-0.37489949999997,39.4840572
2740801;Apartamento; Olivereta, Valencia;-0.404264,39.469379
2743838;Apartamento; Olivereta, Valencia;-0.406881,39.472075
2757078;Apartamento; Ciutat Vella, Valencia;-0.380845,39.476009
2767716;Apartamento; Poblados marítimos, Valencia;-0.326576400000022,39.4647621
2773548;Hostal o pensión; Algirós, Valencia;-0.349609720695526,39.4739417579686
2777545;Apartamento; Ciutat Vella, Valencia;-0.375603139400482,39.4733541959976
2784473;Apartamento; Ciutat Vella, Valencia;-0.378504099999986,39.4783403
2789581;Habitación en casa particular; Rascanya, Valencia;-0.372135043144226,39.4909761007009
2789610;Apartamento; Valencia;-0.388742208415351,39.4600136547843
2796987;Apartamento; Ciutat Vella, Valencia;-0.379207599999973,39.479572
2808815;Apartamento; Poblados marítimos, Valencia;-0.326464900000019,39.4665356
2814452;Apartamento; Ciutat Vella, Valencia;-0.380105599999979,39.4758332
2816245;Apartamento; Poblados marítimos, Valencia;-0.33048180000003,39.4631997
2830696;Apartamento; Ciutat Vella, Valencia;-0.375766754150391,39.4683722522288
2837499;Casa o chalet; Quatre Carreres, Valencia;-0.358321499999988,39.4569229
2848648;Apartamento; Ciutat Vella, Valencia;-0.378190780107502,39.4717318602131
2849727;Apartamento; Camins al Grau, Valencia;-0.33873,39.462651
2855311;Apartamento; Playa de la Malvarrosa, Valencia;-0.32703222327882,39.493775480958
2860821;Apartamento; Ciutat Vella, Valencia;-0.376031000000012,39.4785417
2861517;Apartamento; Ciutat Vella, Valencia;-0.381645,39.471707
2861620;Apartamentos; Ciutat Vella, Valencia;-0.371477901935577,39.4720193889134
2867488;Apartamento; Quatre Carreres, Valencia;-0.368424,39.459042
2878002;Apartamento; Valencia;-0.351741199999992,39.4707497
2882632;Apartamento; Eixample, Valencia;-0.365983061492443,39.4692787808322
2884427;Apartamento; Extramurs, Valencia;-0.389990200000057,39.474262
2885222;Apartamento; Extramurs, Valencia;-0.381776846731213,39.4672181610686
2891693;Hostal o pensión; Quatre Carreres, Valencia;-0.367201,39.459403
2894429;Apartamentos; Extramurs, Valencia;-0.38203,39.462719
2918345;Apartamentos; Ciutat Vella, Valencia;-0.380106,39.475833
2921259;Habitación en casa particular; La Saïdia, Valencia;-0.369195342063904,39.484493239641
2929640;Apartamento; Camins al Grau, Valencia;-0.347915,39.460414
2944416;Hostal o pensión; Ciutat Vella, Valencia;-0.37602,39.468351
2944722;Casa o chalet; Ciutat Vella, Valencia;-0.370545,39.475723
2952760;Apartamento; Poblados marítimos, Valencia;-0.331129,39.466143
2954876;Apartamento; Ciutat Vella, Valencia;-0.380106,39.475833
2961063;Apartamento; Eixample, Valencia;-0.375879,39.46493
2965508;Apartamento; Ciutat Vella, Valencia;-0.377480099999957,39.4708745
2967593;Apartamento; Ciutat Vella, Valencia;-0.373793,39.469333
2983208;Apartamento; Algirós, Valencia;-0.348583,39.475858
2985364;Apartamento; Poblados marítimos, Valencia;-0.333849191665649,39.4663731887456
2985902;Hostal o pensión; Eixample, Valencia;-0.377190531768747,39.4646330258717
2985942;Hostal o pensión; Rascanya, Valencia;-0.371354044952341,39.4943745037496
2993615;Apartamentos; Playa de la Malvarrosa, Valencia;-0.32552,39.48896
2999152;Apartamento; Benicalap, Valencia;-0.384167432785034,39.4939027064169
3020748;Apartamento; Poblados marítimos, Valencia;-0.334113389253616,39.4478620006836
3023494;Apartamento; Ciutat Vella, Valencia;-0.376732349395752,39.468336146134
3025679;Apartamento; Ciutat Vella, Valencia;-0.372042506933212,39.4725403743474
3035322;Apartamento; Eixample, Valencia;-0.367044,39.461791
3054000;Apartamentos; Eixample, Valencia;-0.377546,39.461186
3054886;Apartamento; Benicalap, Valencia;-0.39250373840332,39.4928725808485
3058627;Apartamento; Benicalap, Valencia;-0.393163561820984,39.4923219930806
3074378;Apartamento; Camins al Grau, Valencia;-0.341172,39.459403
3083529;Casa o chalet; Valencia;-0.142566324865356,38.9126435989241
3089239;Apartamento; Ciutat Vella, Valencia;-0.377058291405774,39.4702711579328
3091106;Hostal o pensión; Extramurs, Valencia;-0.390398,39.469697
3091182;Apartamentos; Ciutat Vella, Valencia;-0.377745,39.476463
3105661;Hostal o pensión; Quatre Carreres, Valencia;-0.343998,39.441271
3107716;Apartamento; Quatre Carreres, Valencia;-0.338509,39.450184
3114164;Apartamento; El Pla del Real, Valencia;-0.359227440475479,39.4756735219791
3122008;Apartamento; Ciutat Vella, Valencia;-0.376071184873581,39.4760988446909
3126708;Casa o chalet; Valencia;-0.28636,39.56014
3127388;Apartamento; Ciutat Vella, Valencia;-0.375828,39.477782
3128516;Apartamento; Playa de la Malvarrosa, Valencia;-0.327247,39.494529
3130386;Apartamento; La Saïdia, Valencia;-0.373394700000063,39.4875502
3139431;Apartamento; Benicalap, Valencia;-0.396533,39.493004
3146781;Apartamento; Ciutat Vella, Valencia;-0.380426,39.476492
3148458;Apartamento; Olivereta, Valencia;-0.407141,39.472366
3152977;Apartamento; Eixample, Valencia;-0.3771,39.46066
3160737;Apartamento; Extramurs, Valencia;-0.379542,39.466442
3167342;Apartamento; Ciutat Vella, Valencia;-0.375555,39.475987
3168460;Apartamento; Valencia;-0.383843,39.471944
3172456;Apartamento; Poblados marítimos, Valencia;-0.331198,39.46553
3175932;Apartamento; Extramurs, Valencia;-0.386627,39.474885
3187998;Apartamento; Ciutat Vella, Valencia;-0.378389059381448,39.4714680828426
3188371;Apartamentos; Poblados marítimos, Valencia;-0.328785728641492,39.4820389595672
3205847;Apartamento; Olivereta, Valencia;-0.401307,39.468503
3214362;Apartamento; Poblados marítimos, Valencia;-0.326829,39.481002
3220582;Apartamento; Ciutat Vella, Valencia;-0.376076,39.478299
3223115;Apartamento; Camins al Grau, Valencia;-0.33652878092,39.464272731112
3234194;Apartamento; Ciutat Vella, Valencia;-0.381915,39.471833
3235983;Apartamento; Eixample, Valencia;-0.375107,39.459383
3237353;Apartamento; Valencia;-0.382362306118011,39.4831393679289
3245521;Apartamento; Extramurs, Valencia;-0.382348,39.468942
3246772;Apartamento; Poblados marítimos, Valencia;-0.329791,39.470861
3258095;Apartamento; Quatre Carreres, Valencia;-0.366181,39.456862
3268804;Apartamento; Extramurs, Valencia;-0.384693145751953,39.4755205016811
3269379;Apartamento; Benimaclet, Valencia;-0.363192558288574,39.4849248583387
3272386;Apartamento; Olivereta, Valencia;-0.3996116,39.464448402485
3274635;Apartamento; Poblados marítimos, Valencia;-0.330371,39.468462
3278589;Apartamentos; Ciutat Vella, Valencia;-0.378868,39.471991
3287719;Apartamento; Camins al Grau, Valencia;-0.353914,39.462112
3297078;Apartamento; Campanar, Valencia;-0.399741,39.483996
3298489;Habitación en casa particular; Extramurs, Valencia;-0.390503,39.473219
3328967;Apartamento; Ciutat Vella, Valencia;-0.381314,39.479867
3335523;Apartamento; Ciutat Vella, Valencia;-0.382713769643487,39.4711409318232
3342696;Apartamentos; Eixample, Valencia;-0.372996,39.462925
3370990;Apartamento; Poblados marítimos, Valencia;-0.331239,39.465854
3372933;Apartamento; Poblados marítimos, Valencia;-0.330624,39.46692
3377663;Apartamentos; Ciutat Vella, Valencia;-0.37641,39.47886
3397673;Apartamento; La Saïdia, Valencia;-0.381428579133,39.485187914455
3402135;Apartamento; Ciutat Vella, Valencia;-0.379593,39.472503
3408067;Apartamento; La Saïdia, Valencia;-0.376456081867218,39.4824934748904
3418661;Apartamentos; Poblados marítimos, Valencia;-0.328922,39.482955
3421713;Apartamento; Ciutat Vella, Valencia;-0.3774021,39.4764204
3424724;Apartamento; Ciutat Vella, Valencia;-0.378113,39.472544
3446230;Apartamentos; Ciutat Vella, Valencia;-0.376606,39.474536
3456759;Apartamento; Poblados marítimos, Valencia;-0.3296041,39.4653037
3457190;Apartamento; Ciutat Vella, Valencia;-0.378216056899987,39.472412227971
3461391;Apartamento; Eixample, Valencia;-0.371271,39.4605296
3476261;Bed & breakfast; Ciutat Vella, Valencia;-0.376914,39.473359
3483148;Bed & breakfast; Eixample, Valencia;-0.37608585,39.463929758521
3489126;Apartamento; Benicalap, Valencia;-0.38637435,39.489941051845
3495634;Apartamento; Poblados marítimos, Valencia;-0.327983,39.472479
3506736;Apartamento; Ciutat Vella, Valencia;-0.377195,39.470387
3533887;Hotel; Camins al Grau, Valencia;-0.357392943620653,39.4629949946846
3542906;Apartamento; Ciutat Vella, Valencia;-0.3777274,39.4778817
3543756;Habitación en casa particular; Campanar, Valencia;-0.39546,39.478161
3546692;Casa o chalet; Poblados marítimos, Valencia;-0.325347,39.472117
3552283;Apartamento; Camins al Grau, Valencia;-0.353380530543,39.461746094419
3563293;Hostal o pensión; Eixample, Valencia;-0.375994,39.462322
3569110;Bed & breakfast; Quatre Carreres, Valencia;-0.360395,39.458591
3583906;Apartamento; Algirós, Valencia;-0.3399601,39.4684695
3599930;Habitación en casa particular; Valencia;-0.3832346,39.4597807
3602594;Casa o chalet; Poblados marítimos, Valencia;-0.327566,39.483479
3604273;Apartamento; Ciutat Vella, Valencia;-0.378504322558,39.469290715394
3606766;Apartamento; Camins al Grau, Valencia;-0.3559555,39.4656525
3608764;Casa o chalet; Poblados marítimos, Valencia;-0.324954,39.469045
3615874;Apartamento; Poblados marítimos, Valencia;-0.330625489006934,39.4670484504298
3618172;Apartamento; Poblados marítimos, Valencia;-0.326324586473447,39.4761589296319
3631910;Apartamento; Ciutat Vella, Valencia;-0.381116,39.474981
3646923;Apartamento; Campanar, Valencia;-0.389077653640697,39.487374114735
3656596;Apartamento; Ciutat Vella, Valencia;-0.377297,39.474061
3661070;Apartamento; Campanar, Valencia;-0.384613,39.483677
3664772;Apartamento; Ciutat Vella, Valencia;-0.3790188,39.4749068
3666575;Apartamento; Ciutat Vella, Valencia;-0.383557,39.475087
3671621;Habitación en casa particular; Jesús, Valencia;-0.389236,39.457313
3671921;Apartamentos; Eixample, Valencia;-0.371481,39.460244
3672426;Apartamento; Algirós, Valencia;-0.34912185,39.474960038355
3676196;Habitación en casa particular; Rascanya, Valencia;-0.370293,39.493434
3687859;Apartamento; Ciutat Vella, Valencia;-0.383198,39.474935
3699013;Apartamento; Eixample, Valencia;-0.3753,39.459937
3701648;Habitación en casa particular; Poblados marítimos, Valencia;-0.328242,39.477226
3702234;Apartamento; Ciutat Vella, Valencia;-0.381892,39.476173
3711960;Apartamento; Poblados marítimos, Valencia;-0.332067,39.474408
3718518;Apartamento; Eixample, Valencia;-0.375573,39.461926
3728842;Apartamentos; Extramurs, Valencia;-0.384786,39.474102
3732969;Apartamento; Poblados marítimos, Valencia;-0.335352,39.458381
3739661;Apartamento; Benimaclet, Valencia;-0.357241,39.485303
3741421;Apartamento; Poblados marítimos, Valencia;-0.333744,39.472981
3758586;Casa o chalet; Poblados marítimos, Valencia;-0.332603,39.470495
3765069;Apartamentos; Ciutat Vella, Valencia;-0.37832537913323,39.471593022315
3767109;Apartamentos; Eixample, Valencia;-0.376283,39.463815
3776707;Apartamento; Poblados marítimos, Valencia;-0.3273411,39.4812928
3777691;Apartahotel; Ciutat Vella, Valencia;-0.371377,39.474377
3777893;Apartamento; Quatre Carreres, Valencia;-0.37177,39.457635
3783163;Apartamento; Poblados marítimos, Valencia;-0.334532,39.452084
3783665;Apartamento; Olivereta, Valencia;-0.396292,39.472835
3786890;Apartamento; Poblados marítimos, Valencia;-0.329143,39.480188
3788286;Apartamento; Quatre Carreres, Valencia;-0.362431,39.456542
3788671;Apartamento; Ciutat Vella, Valencia;-0.380937,39.471416
3789910;Habitación en casa particular; Camins al Grau, Valencia;-0.350272,39.465363
3790877;Apartamento; Ciutat Vella, Valencia;-0.3819417,39.4785964
3799642;Hostal o pensión; Ciutat Vella, Valencia;-0.377501,39.470963
3799760;Apartahotel; Eixample, Valencia;-0.37093,39.463731
3805735;Apartamento; Poblados marítimos, Valencia;-0.335767,39.446357
3809623;Apartamento; Eixample, Valencia;-0.371443407165543,39.4626181710715
3811530;Apartamentos; Quatre Carreres, Valencia;-0.361776,39.456998
3820590;Apartamento; Poblados marítimos, Valencia;-0.32889,39.478999
3828811;Hotel; Eixample, Valencia;-0.372448,39.468446
3830646;Apartamento; Ciutat Vella, Valencia;-0.37150959999997,39.4726782
3832501;Apartamento; Eixample, Valencia;-0.373409,39.462085
3834085;Apartamento; Ciutat Vella, Valencia;-0.376509,39.47175
3834224;Bed & breakfast; Extramurs, Valencia;-0.387152,39.463263
3834617;Apartamento; Quatre Carreres, Valencia;-0.364992,39.460691
3841868;Apartamento; Playa de la Malvarrosa, Valencia;-0.32536,39.49051
3881533;Apartamento; Quatre Carreres, Valencia;-0.3762894,39.4554144
3881970;Apartamento; Eixample, Valencia;-0.3748538,39.466572
3913497;Hostal o pensión; Poblados marítimos, Valencia;-0.331518,39.462031
3925610;Apartamento; Jesús, Valencia;-0.3922735,39.4432079
3931013;Habitación en casa particular; El Pla del Real, Valencia;-0.354519,39.473955
3961049;Apartamento; Extramurs, Valencia;-0.379556,39.46564
3964093;Apartamento; Extramurs, Valencia;-0.380021057672,39.465585835492
3973347;Apartamento; Ciutat Vella, Valencia;-0.377629,39.479577
3974636;Hostal o pensión; Poblados marítimos, Valencia;-0.33505,39.460121
3977106;Habitación en casa particular; Ciutat Vella, Valencia;-0.371139,39.47252
3991548;Apartamento; Camins al Grau, Valencia;-0.3438,39.463139
4005334;Apartamento; Algirós, Valencia;-0.3396705,39.4701171
4019381;Hotel; Camins al Grau, Valencia;-0.352170682668657,39.459022128471
4036814;Apartamento; Ciutat Vella, Valencia;-0.373401267781,39.470069879471
4039032;Apartamento; Playa de la Malvarrosa, Valencia;-0.325807,39.487094
4040503;Apartamento; Camins al Grau, Valencia;-0.33983475,39.463686564028
4057271;Apartamento; Poblados marítimos, Valencia;-0.3301342,39.473702769291
4062596;Apartamento; Jesús, Valencia;-0.38872852632,39.440132739956
4064373;Apartamentos; Extramurs, Valencia;-0.385378,39.478771
4064812;Apartamento; Valencia;-0.364784603527,39.46124741375
4069293;Apartamentos; Ciutat Vella, Valencia;-0.375991540579,39.477887034764
4074640;Hostal o pensión; Quatre Carreres, Valencia;-0.370069,39.457898
4086496;Apartamento; Ciutat Vella, Valencia;-0.3767481,39.473218151168
4093811;Apartamento; Ciutat Vella, Valencia;-0.375155984655748,39.4678285444348
4093819;Apartamento; Ciutat Vella, Valencia;-0.375188699999967,39.4676806
4093831;Apartamento; Ciutat Vella, Valencia;-0.375188699999967,39.4676806
4093843;Apartamento; Ciutat Vella, Valencia;-0.375188699999967,39.4676806
4093857;Apartamento; Extramurs, Valencia;-0.386042399999951,39.4667763
4093865;Apartamento; Extramurs, Valencia;-0.386042399999951,39.4667763
4093868;Apartamento; Ciutat Vella, Valencia;-0.377289900000051,39.4739859
4093876;Apartamento; Ciutat Vella, Valencia;-0.379508999999985,39.470507
4093891;Apartamento; Ciutat Vella, Valencia;-0.379739200000017,39.4716158
4095676;Apartamento; Patraix, Valencia;-0.402394,39.46219
4095746;Apartamento; Quatre Carreres, Valencia;-0.340528921179,39.450766333705
4105224;Apartamentos; Eixample, Valencia;-0.377604905032,39.459893383387
4117225;Apartamento; Ciutat Vella, Valencia;-0.377353,39.475594
4120221;Apartamento; Extramurs, Valencia;-0.384824,39.477602
4121345;Apartamento; Quatre Carreres, Valencia;-0.3404605,39.4506823
4124528;Apartahotel; El Pla del Real, Valencia;-0.359082,39.467683
4126372;Apartamento; Ciutat Vella, Valencia;-0.380269580025,39.473077837388
4132920;Habitación en casa particular; Benimaclet, Valencia;-0.362153,39.484603
4152620;Apartamento; Valencia;-0.3838037,39.4744911
4161855;Hostal o pensión; Camins al Grau, Valencia;-0.346291,39.461834
4185241;Apartamentos; Ciutat Vella, Valencia;-0.377529,39.473628
4200488;Habitación en casa particular; Camins al Grau, Valencia;-0.335841,39.465363
4211140;Hotel; Ciutat Vella, Valencia;-0.375042,39.474259
4212801;Habitación en casa particular; La Saïdia, Valencia;-0.37093,39.481561
4214834;Apartamento; Poblados marítimos, Valencia;-0.3273428,39.4830814
4215175;Habitación en casa particular; Ciutat Vella, Valencia;-0.37969095,39.471024729387
4217185;Habitación en casa particular; Poblados marítimos, Valencia;-0.329919,39.477724
4218273;Apartamento; Extramurs, Valencia;-0.3869128,39.4743732
4232781;Apartamento; Olivereta, Valencia;-0.402419,39.467605
4236394;Apartamento; Ciutat Vella, Valencia;-0.371997484802,39.47173655066
4238287;Apartamento; Algirós, Valencia;-0.3499572,39.4703764
4245614;Apartamento; Campanar, Valencia;-0.3958774,39.4834459
4256653;Apartamento; Eixample, Valencia;-0.368725284934044,39.4643335593847
4262208;Apartamento; Poblados marítimos, Valencia;-0.326164,39.4655
4262488;Apartamentos; La Saïdia, Valencia;-0.387653499199,39.488892046572
4267044;Apartamento; Extramurs, Valencia;-0.3784829,39.4675629
4267950;Apartamento; Ciutat Vella, Valencia;-0.3707161,39.474430302145
4276529;Apartamento; Camins al Grau, Valencia;-0.35100668465577,39.465207168903
4287413;Apartamento; Benicalap, Valencia;-0.3864049,39.4897991
4289877;Habitación en casa particular; Eixample, Valencia;-0.363895,39.462174
4304662;Apartamento; Playa de la Malvarrosa, Valencia;-0.32599374232791,39.4877254
4312120;Apartamento; Eixample, Valencia;-0.366342344859,39.469372666187
4314054;Apartamento; El Pla del Real, Valencia;-0.3595086,39.475962
4333253;Apartamento; Quatre Carreres, Valencia;-0.370557,39.45707
4333493;Apartamento; Benicalap, Valencia;-0.392098,39.490393
4353398;Apartamento; Poblados marítimos, Valencia;-0.335392,39.4630525
4353552;Apartamento; Quatre Carreres, Valencia;-0.361023636246,39.454085806787
4365340;Habitación en casa particular; Ciutat Vella, Valencia;-0.377365,39.472564
4367788;Apartamento; Ciutat Vella, Valencia;-0.377619,39.471969
4368595;Apartamento; Eixample, Valencia;-0.372978,39.461604
4388270;Bed & breakfast; Camins al Grau, Valencia;-0.35509,39.466838
4391668;Apartamentos; Camins al Grau, Valencia;-0.351926945149899,39.4647686680753
4399973;Hostal o pensión; Ciutat Vella, Valencia;-0.376945,39.473212
4418670;Apartamento; La Saïdia, Valencia;-0.384525075602,39.489032822251
4425975;Apartamento; Ciutat Vella, Valencia;-0.3783422,39.4714971
4426057;Apartamento; Ciutat Vella, Valencia;-0.3826442,39.4726186
4441671;Apartamentos; Poblados marítimos, Valencia;-0.330372984656,39.472273040558
4442066;Apartamento; Poblados marítimos, Valencia;-0.3263134,39.479353930729
4450983;Apartamentos; Poblados marítimos, Valencia;-0.3351679,39.461334002649
4454999;Habitación en casa particular; Eixample, Valencia;-0.371636,39.460253
4457634;Apartamento; Ciutat Vella, Valencia;-0.3756263,39.4719075
4472176;Apartamentos; Ciutat Vella, Valencia;-0.3811492,39.4795608
4475954;Apartamento; Eixample, Valencia;-0.3696966,39.4606605
4504570;Apartamento; Ciutat Vella, Valencia;-0.37637710000001,39.4739081
4504803;Apartamento; Playa de la Malvarrosa, Valencia;-0.327343963823751,39.4868718816634
4518973;Apartamento; Playa de la Malvarrosa, Valencia;-0.325712576443,39.493874833387
4523326;Apartamento; La Saïdia, Valencia;-0.3846331,39.4892995
4533007;Hotel; Valencia;-0.332502765251093,39.3832848776198
4533678;Apartamento; Playa de la Malvarrosa, Valencia;-0.326151936591,39.494014771804
4552106;Apartamento; Ciutat Vella, Valencia;-0.37860009999997,39.475423
4556268;Apartamentos; Ciutat Vella, Valencia;-0.3781531,39.4722234
4565643;Hostal o pensión; Extramurs, Valencia;-0.387417,39.473361
4570058;Apartamento; Poblados marítimos, Valencia;-0.3328347,39.4614418
4578496;Apartamento; Eixample, Valencia;-0.375763,39.459648
4594424;Apartamento; Quatre Carreres, Valencia;-0.3782882,39.4548025
4594496;Apartamento; Quatre Carreres, Valencia;-0.37224,39.45689
4608394;Hostal o pensión; Eixample, Valencia;-0.374165,39.463871
4615515;Apartamentos; Benimaclet, Valencia;-0.3638137,39.4857172
4622960;Apartamentos; Poblados marítimos, Valencia;-0.3285305,39.4813609
4624401;Habitación en casa particular; Valencia;-0.466127,39.439834
4624602;Apartamento; La Saïdia, Valencia;-0.3775761,39.4848065
4625132;Habitación en casa particular; Jesús, Valencia;-0.387039743363857,39.4581454551039
4630643;Apartamento; Valencia;-0.3922816,39.4682711
4639542;Apartamento; Ciutat Vella, Valencia;-0.37804000000006,39.472526227628
4639797;Apartamento; Eixample, Valencia;-0.37711905767219,39.465408565506
4641691;Apartamento; Poblados marítimos, Valencia;-0.3290681,39.4823022
4651578;Habitación en casa particular; Extramurs, Valencia;-0.379862381614657,39.4643318699806
4652750;Apartamento; Extramurs, Valencia;-0.379825301852,39.465977339075
4656688;Apartamentos; Ciutat Vella, Valencia;-0.3800973,39.475548
4657122;Apartamento; Ciutat Vella, Valencia;-0.381232758458,39.474785903174
4660558;Apartamento; Eixample, Valencia;-0.3694153,39.4654162
4673669;Apartamento; Campanar, Valencia;-0.397520493126,39.476529758653
4682632;Hostal o pensión; Eixample, Valencia;-0.377355,39.464461
4682802;Hostal o pensión; Eixample, Valencia;-0.369412,39.46341
4691493;Apartamento; Ciutat Vella, Valencia;-0.380822633981461,39.4759701354491
4694090;Apartamento; Extramurs, Valencia;-0.384868495166302,39.4741765486405
4718074;Habitación en casa particular; Rascanya, Valencia;-0.381843,39.490567
4726296;Apartamento; La Saïdia, Valencia;-0.3807525,39.4905201
4726450;Apartamento; Benicalap, Valencia;-0.3947137,39.4929633
4732440;Apartamentos; Eixample, Valencia;-0.371133104457,39.46080883804
4747836;Apartamento; Quatre Carreres, Valencia;-0.363727,39.4604996
4752815;Apartamento; Ciutat Vella, Valencia;-0.3775063,39.4693816
4756780;Apartamento; Poblados marítimos, Valencia;-0.3279685,39.4741591
4757385;Apartamento; Ciutat Vella, Valencia;-0.378144,39.4745506
4762375;Apartamentos; Poblados marítimos, Valencia;-0.32910000534,39.482336121219
4768322;Apartamentos; Camins al Grau, Valencia;-0.35094411534419,39.46526
4794909;Habitación en casa particular; Quatre Carreres, Valencia;-0.368638,39.449361
4800241;Apartamento; Extramurs, Valencia;-0.3882,39.4667
4802186;Habitación en casa particular; Benicalap, Valencia;-0.39653,39.491878
4805177;Apartamentos; Ciutat Vella, Valencia;-0.3733649,39.4768857
4820684;Apartamento; Quatre Carreres, Valencia;-0.3588275,39.4536629
4828764;Apartamento; Benicalap, Valencia;-0.39076675582,39.493045394669
4838858;Hotel; Ciutat Vella, Valencia;-0.377234,39.47273
4843954;Apartamentos; Poblados marítimos, Valencia;-0.3353337,39.4716975
4861796;Habitación en casa particular; Quatre Carreres, Valencia;-0.379447,39.455173
4862486;Casas y chalets; Camins al Grau, Valencia;-0.338751,39.46466
4865043;Habitación en casa particular; Jesús, Valencia;-0.389605832471,39.451402859957
4865093;Hostal o pensión; Quatre Carreres, Valencia;-0.3677086,39.4443907
4886758;Apartamento; Benimaclet, Valencia;-0.3669416,39.4870691
4887857;Apartamento; Extramurs, Valencia;-0.3855658,39.4724114
4895097;Apartamento; Camins al Grau, Valencia;-0.3413966,39.4607699
4899561;Habitación en casa particular; Eixample, Valencia;-0.371774,39.463385
4900140;Habitación en casa particular; Quatre Carreres, Valencia;-0.367669289299,39.454103828607
4901343;Tented camp; Poblados marítimos, Valencia;-0.331733,39.471303
4922002;Hostal o pensión; Ciutat Vella, Valencia;-0.37236,39.472259
4932621;Apartamento; Ciutat Vella, Valencia;-0.380369342957,39.478058515643
4948554;Apartamento; Olivereta, Valencia;-0.397031977772713,39.4712809960194
4948581;Habitación en casa particular; Eixample, Valencia;-0.372796,39.462158
4964856;Apartamento; La Saïdia, Valencia;-0.378613,39.4908872
4967097;Habitación en casa particular; Campanar, Valencia;-0.389009,39.483206
4986124;Apartamentos; Poblados marítimos, Valencia;-0.333070417197,39.459929282612
4995780;Habitación en casa particular; Quatre Carreres, Valencia;-0.361873,39.459909
4999636;Apartamento; Camins al Grau, Valencia;-0.357642026984,39.4631526548
5004812;Bed & breakfast; Poblados marítimos, Valencia;-0.328841,39.468207
5006434;Habitación en casa particular; La Saïdia, Valencia;-0.375019,39.488143
5019066;Apartamento; Olivereta, Valencia;-0.3997941,39.4694215
5024641;Apartamentos; Poblados marítimos, Valencia;-0.330593,39.472691
5029963;Apartamento; Poblados marítimos, Valencia;-0.3368597,39.4599276
5030500;Apartamento; Poblados marítimos, Valencia;-0.328431,39.482162
5041799;Habitación en casa particular; Camins al Grau, Valencia;-0.350999185527826,39.4657646488668
5047732;Apartamento; La Saïdia, Valencia;-0.387527,39.4889244
5083131;Apartamento; La Saïdia, Valencia;-0.375258475542068,39.481556453533
5095795;Apartamento; Benicalap, Valencia;-0.3892014,39.4910276
5123921;Apartamentos; Ciutat Vella, Valencia;-0.377598,39.471309
5125954;Apartamento; Poblados marítimos, Valencia;-0.327120870351791,39.4658617340038
5133726;Apartamento; Patraix, Valencia;-0.4140036,39.4619854
5138960;Apartamento; Ciutat Vella, Valencia;-0.3769086,39.4735528
5142800;Hotel; Ciutat Vella, Valencia;-0.371804,39.47298
5152866;Casa o chalet; Olivereta, Valencia;-0.3992334,39.4644592
5188541;Apartamentos; Ciutat Vella, Valencia;-0.379789,39.4776156
5199364;Barco; Poblados marítimos, Valencia;-0.335893,39.442643
5219046;Hotel; Camins al Grau, Valencia;-0.352955,39.466163
5232423;Apartamento; Quatre Carreres, Valencia;-0.368109,39.4526148
5238122;Apartahotel; La Saïdia, Valencia;-0.389122,39.48843
5238345;Bed & breakfast; Ciutat Vella, Valencia;-0.379509,39.470507
5249773;Apartamento; Poblados marítimos, Valencia;-0.334863754755,39.459619978071
5250762;Hotel; Poblados marítimos, Valencia;-0.333976,39.464771
5259150;Hostal o pensión; Ciutat Vella, Valencia;-0.376867,39.473254
5259971;Apartamentos; Camins al Grau, Valencia;-0.342893371923,39.462840848759
5263849;Apartamento; Poblados marítimos, Valencia;-0.334274399999976,39.4592408
5270717;Apartamento; Ciutat Vella, Valencia;-0.3749787,39.4749478
5294677;Bed & breakfast; La Saïdia, Valencia;-0.383106,39.483832
5299568;Habitación en casa particular; Benicalap, Valencia;-0.388686,39.489049
5300418;Apartamento; Extramurs, Valencia;-0.385327,39.472196
5326859;Habitación en casa particular; Valencia;-0.489019,39.550089
5348651;Apartamentos; Ciutat Vella, Valencia;-0.375199673016,39.474674278615
5352439;Habitación en casa particular; Eixample, Valencia;-0.3726378,39.460907
5354233;Casa o chalet; Valencia;-0.778004284222,39.57854802842
5366858;Habitación en casa particular; Valencia;-0.391869,39.468033
5372347;Apartamento; Ciutat Vella, Valencia;-0.378011000000015,39.478199
5374651;Hostal o pensión; Extramurs, Valencia;-0.388127,39.474088
5374850;Apartamento; Ciutat Vella, Valencia;-0.375246624537,39.468387070252
5395908;Habitación en casa particular; Poblados marítimos, Valencia;-0.328145,39.482145
5418023;Habitación en casa particular; Quatre Carreres, Valencia;-0.374031,39.455844
5421626;Apartamento; Poblados marítimos, Valencia;-0.3298593,39.4742734
5423036;Hostal o pensión; Extramurs, Valencia;-0.388127,39.474088
5423155;Habitación en casa particular; Extramurs, Valencia;-0.389303,39.475763
5426607;Habitación en casa particular; Quatre Carreres, Valencia;-0.373327,39.456601
5427108;Habitación en casa particular; Extramurs, Valencia;-0.391319,39.470398
5433175;Habitación en casa particular; Rascanya, Valencia;-0.376608,39.492083
5434091;Albergue; Camins al Grau, Valencia;-0.354547,39.466084
5441488;Habitación en casa particular; Quatre Carreres, Valencia;-0.373327,39.456601
5441777;Camping; Valencia;-0.333138,39.387056
5450613;Habitación en casa particular; Valencia;-0.392386,39.46784
5459514;Habitación en casa particular; Quatre Carreres, Valencia;-0.373327,39.456601
5464038;Apartamento; Ciutat Vella, Valencia;-0.373106699999994,39.470197
5466253;Apartamento; Poblados marítimos, Valencia;-0.325614205931543,39.4714395869154
5477394;Habitación en casa particular; La Saïdia, Valencia;-0.384796,39.487561
5500863;Habitación en casa particular; La Saïdia, Valencia;-0.384796,39.487561
5502152;Habitación en casa particular; Benicalap, Valencia;-0.398475,39.496494
5507857;Habitación en casa particular; Extramurs, Valencia;-0.3881269,39.4740879
5516825;Habitación en casa particular; Valencia;-0.391133,39.468035
5522932;Habitación en casa particular; Extramurs, Valencia;-0.3881269,39.4740879
5531073;Bed & breakfast; La Saïdia, Valencia;-0.378045,39.483004
5560260;Habitación en casa particular; Valencia;-0.535504,39.561041
5567318;Hostal o pensión; Quatre Carreres, Valencia;-0.370253,39.4580065
5604325;Habitación en casa particular; Eixample, Valencia;-0.3728309,39.4585302
5629632;Habitación en casa particular; Extramurs, Valencia;-0.38098,39.467584
5665653;Habitación en casa particular; Olivereta, Valencia;-0.40002,39.46679
5687127;Habitación en casa particular; Olivereta, Valencia;-0.396303,39.473942
5695905;Habitación en casa particular; Poblados marítimos, Valencia;-0.333533,39.448941
5772964;Hostal o pensión; Valencia;-0.381847,39.47345

